{"cameraMode":{"drawMode":0,"name":"Shaded","section":"Shading Mode"},"sceneLighting":true,"audioPlay":false,"sceneViewState":{"m_AlwaysRefresh":false,"showFog":true,"showSkybox":true,"showFlares":true,"showImageEffects":true,"showParticleSystems":true,"showVisualEffectGraphs":true,"m_FxEnabled":true},"in2DMode":false,"pivot":{"x":193.318359375,"y":139.8829803466797,"z":185.81716918945313},"rotation":{"x":-0.0071901679039001469,"y":0.00749500747770071,"z":0.00005385588519857265,"w":0.999946653842926},"size":251.98045349121095,"orthographic":false}